,Word
0,ABEYANCE
1,ABEYANCES
2,ALMOST
3,ALTERATION
4,ALTERATIONS
5,AMBIGUITIES
6,AMBIGUITY
7,AMBIGUOUS
8,ANOMALIES
9,ANOMALOUS
10,ANOMALOUSLY
11,ANOMALY
12,ANTICIPATE
13,ANTICIPATED
14,ANTICIPATES
15,ANTICIPATING
16,ANTICIPATION
17,ANTICIPATIONS
18,APPARENT
19,APPARENTLY
20,APPEAR
21,APPEARED
22,APPEARING
23,APPEARS
24,APPROXIMATE
25,APPROXIMATED
26,APPROXIMATELY
27,APPROXIMATES
28,APPROXIMATING
29,APPROXIMATION
30,APPROXIMATIONS
31,ARBITRARILY
32,ARBITRARINESS
33,ARBITRARY
34,ASSUME
35,ASSUMED
36,ASSUMES
37,ASSUMING
38,ASSUMPTION
39,ASSUMPTIONS
40,BELIEVE
41,BELIEVED
42,BELIEVES
43,BELIEVING
44,CAUTIOUS
45,CAUTIOUSLY
46,CAUTIOUSNESS
47,CLARIFICATION
48,CLARIFICATIONS
49,CONCEIVABLE
50,CONCEIVABLY
51,CONDITIONAL
52,CONDITIONALLY
53,CONFUSES
54,CONFUSING
55,CONFUSINGLY
56,CONFUSION
57,CONTINGENCIES
58,CONTINGENCY
59,CONTINGENT
60,CONTINGENTLY
61,CONTINGENTS
62,COULD
63,CROSSROAD
64,CROSSROADS
65,DEPEND
66,DEPENDED
67,DEPENDENCE
68,DEPENDENCIES
69,DEPENDENCY
70,DEPENDENT
71,DEPENDING
72,DEPENDS
73,DESTABILIZING
74,DEVIATE
75,DEVIATED
76,DEVIATES
77,DEVIATING
78,DEVIATION
79,DEVIATIONS
80,DIFFER
81,DIFFERED
82,DIFFERING
83,DIFFERS
84,DOUBT
85,DOUBTED
86,DOUBTFUL
87,DOUBTS
88,EXPOSURE
89,EXPOSURES
90,FLUCTUATE
91,FLUCTUATED
92,FLUCTUATES
93,FLUCTUATING
94,FLUCTUATION
95,FLUCTUATIONS
96,HIDDEN
97,HINGES
98,IMPRECISE
99,IMPRECISION
100,IMPRECISIONS
101,IMPROBABILITY
102,IMPROBABLE
103,INCOMPLETENESS
104,INDEFINITE
105,INDEFINITELY
106,INDEFINITENESS
107,INDETERMINABLE
108,INDETERMINATE
109,INEXACT
110,INEXACTNESS
111,INSTABILITIES
112,INSTABILITY
113,INTANGIBLE
114,INTANGIBLES
115,LIKELIHOOD
116,MAY
117,MAYBE
118,MIGHT
119,NEARLY
120,NONASSESSABLE
121,OCCASIONALLY
122,ORDINARILY
123,PENDING
124,PERHAPS
125,POSSIBILITIES
126,POSSIBILITY
127,POSSIBLE
128,POSSIBLY
129,PRECAUTION
130,PRECAUTIONARY
131,PRECAUTIONS
132,PREDICT
133,PREDICTABILITY
134,PREDICTED
135,PREDICTING
136,PREDICTION
137,PREDICTIONS
138,PREDICTIVE
139,PREDICTOR
140,PREDICTORS
141,PREDICTS
142,PRELIMINARILY
143,PRELIMINARY
144,PRESUMABLY
145,PRESUME
146,PRESUMED
147,PRESUMES
148,PRESUMING
149,PRESUMPTION
150,PRESUMPTIONS
151,PROBABILISTIC
152,PROBABILITIES
153,PROBABILITY
154,PROBABLE
155,PROBABLY
156,RANDOM
157,RANDOMIZE
158,RANDOMIZED
159,RANDOMIZES
160,RANDOMIZING
161,RANDOMLY
162,RANDOMNESS
163,REASSESS
164,REASSESSED
165,REASSESSES
166,REASSESSING
167,REASSESSMENT
168,REASSESSMENTS
169,RECALCULATE
170,RECALCULATED
171,RECALCULATES
172,RECALCULATING
173,RECALCULATION
174,RECALCULATIONS
175,RECONSIDER
176,RECONSIDERED
177,RECONSIDERING
178,RECONSIDERS
179,REEXAMINATION
180,REEXAMINE
181,REEXAMINING
182,REINTERPRET
183,REINTERPRETATION
184,REINTERPRETATIONS
185,REINTERPRETED
186,REINTERPRETING
187,REINTERPRETS
188,REVISE
189,REVISED
190,RISK
191,RISKED
192,RISKIER
193,RISKIEST
194,RISKINESS
195,RISKING
196,RISKS
197,RISKY
198,ROUGHLY
199,RUMORS
200,SEEMS
201,SELDOM
202,SELDOMLY
203,SOMETIME
204,SOMETIMES
205,SOMEWHAT
206,SOMEWHERE
207,SPECULATE
208,SPECULATED
209,SPECULATES
210,SPECULATING
211,SPECULATION
212,SPECULATIONS
213,SPECULATIVE
214,SPECULATIVELY
215,SPORADIC
216,SPORADICALLY
217,SUDDEN
218,SUDDENLY
219,SUGGEST
220,SUGGESTED
221,SUGGESTING
222,SUGGESTS
223,SUSCEPTIBILITY
224,TENDING
225,TENTATIVE
226,TENTATIVELY
227,TURBULENCE
228,UNCERTAIN
229,UNCERTAINLY
230,UNCERTAINTIES
231,UNCERTAINTY
232,UNCLEAR
233,UNCONFIRMED
234,UNDECIDED
235,UNDEFINED
236,UNDESIGNATED
237,UNDETECTABLE
238,UNDETERMINABLE
239,UNDETERMINED
240,UNDOCUMENTED
241,UNEXPECTED
242,UNEXPECTEDLY
243,UNFAMILIAR
244,UNFAMILIARITY
245,UNFORECASTED
246,UNFORSEEN
247,UNGUARANTEED
248,UNHEDGED
249,UNIDENTIFIABLE
250,UNIDENTIFIED
251,UNKNOWN
252,UNKNOWNS
253,UNOBSERVABLE
254,UNPLANNED
255,UNPREDICTABILITY
256,UNPREDICTABLE
257,UNPREDICTABLY
258,UNPREDICTED
259,UNPROVED
260,UNPROVEN
261,UNQUANTIFIABLE
262,UNQUANTIFIED
263,UNRECONCILED
264,UNSEASONABLE
265,UNSEASONABLY
266,UNSETTLED
267,UNSPECIFIC
268,UNSPECIFIED
269,UNTESTED
270,UNUSUAL
271,UNUSUALLY
272,UNWRITTEN
273,VAGARIES
274,VAGUE
275,VAGUELY
276,VAGUENESS
277,VAGUENESSES
278,VAGUER
279,VAGUEST
280,VARIABILITY
281,VARIABLE
282,VARIABLES
283,VARIABLY
284,VARIANCE
285,VARIANCES
286,VARIANT
287,VARIANTS
288,VARIATION
289,VARIATIONS
290,VARIED
291,VARIES
292,VARY
293,VARYING
294,VOLATILE
295,VOLATILITIES
296,VOLATILITY
